00000.ppm,774,411,815,446,priority_at_next_intersection_(danger)
00001.ppm,983,388,1024,432,roundabout_(mandatory)
00001.ppm,386,494,442,552,keep_right_(mandatory)
00001.ppm,973,335,1031,390,give_way_(other)
00002.ppm,892,476,1006,592,keep_left_(mandatory)
00003.ppm,742,443,765,466,speed_limit_70_(prohibitory)
00003.ppm,742,466,764,489,no_overtaking_(prohibitory)
00003.ppm,737,412,769,443,bend_(danger)
00004.ppm,898,342,967,409,bend_(danger)
00004.ppm,906,407,955,459,speed_limit_50_(prohibitory)
00005.ppm,1172,164,1284,278,no_overtaking_(prohibitory)
00006.ppm,926,350,989,414,speed_limit_50_(prohibitory)
00007.ppm,825,406,864,445,no_overtaking_(prohibitory)
00008.ppm,785,460,811,486,speed_limit_50_(prohibitory)
00008.ppm,779,424,816,461,priority_road_(other)
00009.ppm,925,466,949,490,speed_limit_70_(prohibitory)
00010.ppm,1193,358,1269,436,priority_road_(other)
00011.ppm,720,338,770,398,speed_limit_30_(prohibitory)
00011.ppm,710,265,780,342,bend_(danger)
00012.ppm,979,364,1034,418,speed_limit_30_(prohibitory)
00013.ppm,1043,281,1120,356,speed_limit_50_(prohibitory)
00014.ppm,712,492,732,511,bend_(danger)
00015.ppm,770,426,808,462,construction_(danger)
00016.ppm,901,421,959,478,priority_road_(other)
00017.ppm,908,302,1031,408,snow_(danger)
00017.ppm,575,495,598,515,priority_at_next_intersection_(danger)
00018.ppm,950,455,981,486,speed_limit_70_(prohibitory)
00019.ppm,838,366,896,422,priority_road_(other)
00019.ppm,845,423,888,465,speed_limit_50_(prohibitory)
00020.ppm,825,428,862,463,slippery_road_(danger)
00021.ppm,825,388,877,437,pedestrian_crossing_(danger)
00022.ppm,667,472,692,497,pedestrian_crossing_(danger)
00023.ppm,998,292,1074,371,speed_limit_30_(prohibitory)
00023.ppm,46,350,136,444,slippery_road_(danger)
00023.ppm,945,435,1006,492,slippery_road_(danger)
00024.ppm,112,463,143,492,give_way_(other)
00025.ppm,731,422,772,459,give_way_(other)
00025.ppm,734,463,767,497,roundabout_(mandatory)
00026.ppm,453,411,492,451,speed_limit_30_(prohibitory)
00027.ppm,969,386,1024,441,speed_limit_50_(prohibitory)
00027.ppm,102,375,157,430,speed_limit_50_(prohibitory)
00028.ppm,775,399,833,453,construction_(danger)
00028.ppm,391,468,417,494,go_straight_(mandatory)
00029.ppm,1091,393,1133,436,no_traffic_both_ways_(prohibitory)
00030.ppm,394,511,420,537,keep_right_(mandatory)
00031.ppm,763,426,812,473,construction_(danger)
00031.ppm,597,456,628,488,priority_road_(other)
00032.ppm,678,443,707,469,give_way_(other)
00032.ppm,683,469,703,493,go_right_(mandatory)
00033.ppm,22,505,88,571,keep_right_(mandatory)
00034.ppm,866,430,899,460,school_crossing_(danger)
00035.ppm,264,475,302,514,keep_right_(mandatory)
00035.ppm,678,439,714,474,give_way_(other)
00036.ppm,1133,393,1164,424,priority_road_(other)
00036.ppm,1138,424,1163,450,go_straight_(mandatory)
00037.ppm,668,527,690,548,keep_right_(mandatory)
00038.ppm,1120,444,1142,464,priority_road_(other)
00039.ppm,938,167,1022,251,priority_road_(other)
00039.ppm,953,252,1015,313,go_straight_(mandatory)
00040.ppm,1040,310,1130,400,go_right_(mandatory)
00040.ppm,1017,202,1141,313,give_way_(other)
00041.ppm,997,484,1031,517,keep_right_(mandatory)
00042.ppm,916,300,995,374,danger_(danger)
00043.ppm,1036,296,1097,357,priority_road_(other)
00043.ppm,1047,357,1092,402,go_right_or_straight_(mandatory)
00043.ppm,110,444,143,480,go_straight_(mandatory)
00044.ppm,752,403,782,433,priority_road_(other)
00045.ppm,178,504,240,597,keep_right_(mandatory)
00046.ppm,1045,126,1166,247,priority_road_(other)
00047.ppm,553,462,579,488,traffic_signal_(danger)
00048.ppm,780,443,811,474,roundabout_(mandatory)
00048.ppm,771,405,815,443,give_way_(other)
00048.ppm,341,523,380,562,keep_right_(mandatory)
00049.ppm,993,397,1025,430,go_left_or_straight_(mandatory)
00049.ppm,985,354,1028,397,priority_road_(other)
00050.ppm,946,373,967,400,go_left_(mandatory)
00050.ppm,941,339,972,372,give_way_(other)
00051.ppm,968,218,1037,287,priority_road_(other)
00052.ppm,833,352,870,389,go_right_or_straight_(mandatory)
00052.ppm,829,281,879,331,priority_road_(other)
00053.ppm,1156,333,1196,372,no_traffic_both_ways_(prohibitory)
00053.ppm,766,438,799,471,go_straight_(mandatory)
00054.ppm,1113,436,1152,473,pedestrian_crossing_(danger)
00054.ppm,1117,473,1146,502,speed_limit_20_(prohibitory)
00054.ppm,974,442,999,467,priority_road_(other)
00054.ppm,456,520,476,540,keep_right_(mandatory)
00055.ppm,702,413,747,455,construction_(danger)
00056.ppm,729,436,760,467,speed_limit_30_(prohibitory)
00057.ppm,990,418,1036,467,speed_limit_30_(prohibitory)
00058.ppm,786,394,824,435,priority_road_(other)
00059.ppm,793,400,854,461,priority_road_(other)
00060.ppm,296,508,323,535,keep_right_(mandatory)
00060.ppm,819,441,842,464,speed_limit_50_(prohibitory)
00061.ppm,1224,333,1285,394,speed_limit_50_(prohibitory)
00062.ppm,826,469,848,492,priority_road_(other)
00063.ppm,815,499,837,521,no_overtaking_(prohibitory)
00064.ppm,786,447,808,470,speed_limit_50_(prohibitory)
00065.ppm,973,377,1022,427,no_overtaking_(prohibitory)
00066.ppm,569,483,618,535,keep_right_(mandatory)
00067.ppm,949,435,979,465,no_overtaking_(prohibitory)
00068.ppm,849,458,872,479,give_way_(other)
00069.ppm,817,459,838,480,speed_limit_50_(prohibitory)
00070.ppm,946,300,1026,373,slippery_road_(danger)
00071.ppm,788,437,828,473,road_narrows_(danger)
00071.ppm,794,474,822,502,speed_limit_30_(prohibitory)
00071.ppm,794,503,821,529,no_overtaking_(prohibitory)
00072.ppm,836,456,858,478,speed_limit_70_(prohibitory)
00073.ppm,723,431,752,457,slippery_road_(danger)
00073.ppm,727,457,748,477,speed_limit_50_(prohibitory)
00073.ppm,727,476,749,497,no_overtaking_(prohibitory)
00073.ppm,425,428,456,455,slippery_road_(danger)
00073.ppm,430,453,452,475,speed_limit_50_(prohibitory)
00073.ppm,432,475,452,495,no_overtaking_(prohibitory)
00074.ppm,383,527,421,569,keep_right_(mandatory)
00074.ppm,439,401,488,452,stop_(other)
00074.ppm,929,378,981,431,stop_(other)
00075.ppm,1120,350,1187,409,slippery_road_(danger)
00075.ppm,1131,409,1179,456,speed_limit_70_(prohibitory)
00076.ppm,784,440,819,472,bend_(danger)
00076.ppm,789,471,815,495,speed_limit_50_(prohibitory)
00077.ppm,951,348,1015,408,bend_right_(danger)
00077.ppm,962,408,1011,455,no_overtaking_(prohibitory)
00078.ppm,1211,206,1319,305,cycles_crossing_(danger)
00078.ppm,800,462,821,483,give_way_(other)
00079.ppm,762,459,792,489,priority_at_next_intersection_(danger)
00080.ppm,829,381,880,432,no_overtaking_(prohibitory)
00081.ppm,966,228,1044,299,give_way_(other)
00081.ppm,233,499,249,521,keep_right_(mandatory)
00082.ppm,247,492,331,580,keep_right_(mandatory)
00083.ppm,1054,208,1152,296,give_way_(other)
00083.ppm,1071,297,1142,368,roundabout_(mandatory)
00084.ppm,707,523,734,551,keep_right_(mandatory)
00085.ppm,846,429,875,458,speed_limit_30_(prohibitory)
00086.ppm,944,298,1007,361,priority_road_(other)
00087.ppm,912,435,946,470,restriction_ends_80_(other)
00087.ppm,306,421,340,456,restriction_ends_80_(other)
00088.ppm,956,464,982,490,no_overtaking_(trucks)_(prohibitory)
00088.ppm,410,464,436,490,no_overtaking_(trucks)_(prohibitory)
00088.ppm,412,440,436,464,speed_limit_120_(prohibitory)
00088.ppm,956,440,981,464,speed_limit_120_(prohibitory)
00089.ppm,1025,438,1054,468,speed_limit_80_(prohibitory)
00089.ppm,634,447,660,474,speed_limit_80_(prohibitory)
00090.ppm,966,428,1007,464,give_way_(other)
00091.ppm,869,443,899,471,give_way_(other)
00091.ppm,1056,377,1096,414,give_way_(other)
00091.ppm,509,382,553,422,give_way_(other)
00092.ppm,718,440,739,462,give_way_(other)
00092.ppm,420,419,447,446,priority_road_(other)
00092.ppm,423,449,444,470,go_straight_(mandatory)
00093.ppm,344,397,379,436,speed_limit_30_(prohibitory)
00093.ppm,1076,339,1119,389,speed_limit_30_(prohibitory)
00094.ppm,946,370,995,419,no_trucks_(prohibitory)
00094.ppm,113,316,189,392,no_trucks_(prohibitory)
00095.ppm,698,461,719,481,speed_limit_30_(prohibitory)
00095.ppm,695,437,723,461,bend_left_(danger)
00096.ppm,699,396,738,435,no_entry_(other)
00096.ppm,1140,420,1176,458,no_entry_(other)
00097.ppm,1125,338,1168,378,give_way_(other)
00097.ppm,288,328,334,368,give_way_(other)
00097.ppm,148,446,196,499,keep_right_(mandatory)
00098.ppm,1206,244,1296,323,give_way_(other)
00098.ppm,594,286,668,353,give_way_(other)
00099.ppm,910,495,953,533,bend_right_(danger)
00100.ppm,413,507,451,541,snow_(danger)
00100.ppm,863,505,902,540,snow_(danger)
00101.ppm,835,406,891,461,speed_limit_80_(prohibitory)
00102.ppm,933,314,990,365,give_way_(other)
00102.ppm,945,374,984,415,go_left_(mandatory)
00103.ppm,855,396,890,431,go_right_or_straight_(mandatory)
00103.ppm,847,349,897,397,priority_road_(other)
00104.ppm,767,462,808,499,construction_(danger)
00104.ppm,695,461,730,492,give_way_(other)
00105.ppm,256,438,303,484,danger_(danger)
00105.ppm,958,378,1024,440,traffic_signal_(danger)
00106.ppm,902,369,985,443,construction_(danger)
00107.ppm,486,485,540,537,construction_(danger)
00107.ppm,490,536,529,576,speed_limit_30_(prohibitory)
00109.ppm,990,484,1020,513,speed_limit_60_(prohibitory)
00110.ppm,929,489,954,513,no_overtaking_(prohibitory)
00111.ppm,1091,465,1123,497,speed_limit_60_(prohibitory)
00111.ppm,350,503,382,535,speed_limit_60_(prohibitory)
00112.ppm,366,473,399,508,speed_limit_60_(prohibitory)
00112.ppm,1186,475,1225,514,speed_limit_60_(prohibitory)
00113.ppm,351,413,419,480,no_overtaking_(trucks)_(prohibitory)
00114.ppm,1169,421,1231,484,speed_limit_60_(prohibitory)
00115.ppm,850,218,950,317,stop_(other)
00115.ppm,330,523,351,545,keep_right_(mandatory)
00116.ppm,1078,254,1136,312,go_straight_(mandatory)
00116.ppm,383,473,400,502,no_entry_(other)
00117.ppm,99,425,131,466,no_entry_(other)
00117.ppm,438,500,496,558,keep_right_(mandatory)
00118.ppm,229,505,285,564,keep_right_(mandatory)
00119.ppm,847,472,873,496,slippery_road_(danger)
00119.ppm,1082,393,1120,431,priority_road_(other)
00120.ppm,58,243,164,345,speed_limit_50_(prohibitory)
00121.ppm,91,308,185,416,speed_limit_100_(prohibitory)
00122.ppm,500,496,521,518,speed_limit_100_(prohibitory)
00122.ppm,883,498,904,520,speed_limit_100_(prohibitory)
00123.ppm,519,492,550,524,speed_limit_100_(prohibitory)
00123.ppm,1101,483,1133,516,speed_limit_100_(prohibitory)
00124.ppm,532,481,558,507,speed_limit_70_(prohibitory)
00124.ppm,976,470,1002,496,speed_limit_70_(prohibitory)
00125.ppm,1019,313,1106,401,speed_limit_50_(prohibitory)
00126.ppm,840,374,868,404,speed_limit_50_(prohibitory)
00126.ppm,379,365,411,396,speed_limit_50_(prohibitory)
00127.ppm,138,385,175,423,speed_limit_80_(prohibitory)
00127.ppm,1009,380,1046,417,speed_limit_80_(prohibitory)
00128.ppm,1147,397,1180,431,priority_road_(other)
00129.ppm,962,379,1008,426,no_overtaking_(prohibitory)
00129.ppm,866,399,905,439,traffic_signal_(danger)
00130.ppm,209,426,236,453,speed_limit_30_(prohibitory)
00130.ppm,601,431,626,456,speed_limit_30_(prohibitory)
00130.ppm,318,439,345,467,danger_(danger)
00131.ppm,1010,430,1034,455,no_overtaking_(prohibitory)
00131.ppm,474,389,500,415,speed_limit_30_(prohibitory)
00132.ppm,314,306,393,377,danger_(danger)
00133.ppm,839,408,861,432,priority_road_(other)
00133.ppm,841,432,858,450,go_right_or_straight_(mandatory)
00133.ppm,505,415,522,432,go_straight_(mandatory)
00134.ppm,1008,299,1073,365,speed_limit_30_(prohibitory)
00135.ppm,718,298,777,356,speed_limit_30_(prohibitory)
00136.ppm,816,401,857,437,priority_at_next_intersection_(danger)
00137.ppm,824,324,892,384,priority_at_next_intersection_(danger)
00138.ppm,157,179,235,268,no_traffic_both_ways_(prohibitory)
00138.ppm,1302,399,1336,432,no_traffic_both_ways_(prohibitory)
00140.ppm,247,472,275,501,stop_(other)
00141.ppm,857,379,894,416,speed_limit_50_(prohibitory)
00142.ppm,816,454,835,473,speed_limit_50_(prohibitory)
00143.ppm,241,187,310,256,priority_road_(other)
00144.ppm,708,445,727,464,speed_limit_70_(prohibitory)
00146.ppm,1205,122,1327,246,restriction_ends_(overtaking)_(other)
00146.ppm,707,404,732,426,school_crossing_(danger)
00146.ppm,711,427,729,445,speed_limit_50_(prohibitory)
00147.ppm,750,419,784,452,bend_right_(danger)
00148.ppm,872,353,943,416,snow_(danger)
00149.ppm,1131,274,1221,361,speed_limit_70_(prohibitory)
00149.ppm,1110,158,1231,273,priority_road_(other)
00149.ppm,703,461,725,483,priority_road_(other)
00150.ppm,824,345,865,386,speed_limit_50_(prohibitory)
00151.ppm,794,372,824,401,speed_limit_30_(prohibitory)
00152.ppm,605,424,627,447,priority_road_(other)
00153.ppm,307,409,338,440,go_straight_(mandatory)
00154.ppm,692,410,717,436,go_straight_(mandatory)
00155.ppm,425,386,468,431,keep_right_(mandatory)
00156.ppm,819,388,848,417,no_overtaking_(prohibitory)
00157.ppm,262,423,297,460,no_overtaking_(prohibitory)
00157.ppm,885,392,926,432,no_overtaking_(prohibitory)
00157.ppm,650,505,671,526,keep_right_(mandatory)
00158.ppm,907,414,933,440,restriction_ends_(overtaking)_(other)
00159.ppm,974,443,1031,506,keep_left_(mandatory)
00159.ppm,713,476,740,503,keep_left_(mandatory)
00159.ppm,86,473,117,504,keep_right_(mandatory)
00159.ppm,890,466,917,505,keep_right_(mandatory)
00160.ppm,610,388,653,428,construction_(danger)
00161.ppm,717,445,735,462,go_left_(mandatory)
00162.ppm,244,430,262,448,no_entry_(other)
00162.ppm,713,433,732,452,no_entry_(other)
00162.ppm,544,444,562,462,no_entry_(other)
00163.ppm,753,473,825,545,keep_right_(mandatory)
00164.ppm,874,375,918,416,traffic_signal_(danger)
00165.ppm,382,412,399,431,speed_limit_30_(prohibitory)
00165.ppm,689,292,745,340,priority_at_next_intersection_(danger)
00166.ppm,814,382,848,416,speed_limit_30_(prohibitory)
00167.ppm,369,446,392,469,speed_limit_50_(prohibitory)
00167.ppm,729,433,750,455,speed_limit_50_(prohibitory)
00168.ppm,693,419,719,442,danger_(danger)
00169.ppm,1089,153,1212,276,speed_limit_50_(prohibitory)
00170.ppm,912,322,944,358,speed_limit_70_(prohibitory)
00171.ppm,882,335,932,385,speed_limit_70_(prohibitory)
00171.ppm,883,385,932,433,no_overtaking_(prohibitory)
00172.ppm,712,471,740,495,construction_(danger)
00172.ppm,718,418,737,437,speed_limit_30_(prohibitory)
00173.ppm,1111,279,1161,329,speed_limit_30_(prohibitory)
00174.ppm,718,413,753,444,school_crossing_(danger)
00174.ppm,723,443,747,467,speed_limit_50_(prohibitory)
00174.ppm,801,302,860,364,priority_road_(other)
00175.ppm,893,341,944,396,no_overtaking_(prohibitory)
00176.ppm,850,414,875,440,speed_limit_50_(prohibitory)
00177.ppm,271,416,313,458,stop_(other)
00177.ppm,746,423,785,462,stop_(other)
00177.ppm,502,451,519,468,keep_right_(mandatory)
00177.ppm,1271,402,1308,437,give_way_(other)
00178.ppm,728,456,748,476,speed_limit_50_(prohibitory)
00179.ppm,686,421,707,440,priority_road_(other)
00180.ppm,968,384,1004,421,speed_limit_50_(prohibitory)
00181.ppm,793,299,853,359,speed_limit_70_(prohibitory)
00182.ppm,656,412,685,441,speed_limit_50_(prohibitory)
00182.ppm,658,385,686,414,restriction_ends_(overtaking)_(other)
00183.ppm,766,369,806,406,bend_left_(danger)
00184.ppm,790,273,850,334,speed_limit_30_(prohibitory)
00185.ppm,967,150,1076,257,speed_limit_50_(prohibitory)
00186.ppm,603,455,621,474,speed_limit_70_(prohibitory)
00186.ppm,325,428,345,448,speed_limit_70_(prohibitory)
00186.ppm,602,433,625,456,priority_road_(other)
00187.ppm,675,405,709,439,speed_limit_50_(prohibitory)
00187.ppm,161,393,194,428,speed_limit_50_(prohibitory)
00188.ppm,705,379,752,422,priority_at_next_intersection_(danger)
00189.ppm,853,339,917,394,danger_(danger)
00190.ppm,670,400,689,421,go_straight_(mandatory)
00191.ppm,693,406,728,439,priority_at_next_intersection_(danger)
00192.ppm,492,414,516,437,no_entry_(other)
00192.ppm,314,440,334,461,speed_limit_30_(prohibitory)
00192.ppm,662,262,738,339,priority_road_(other)
00193.ppm,727,224,834,331,stop_(other)
00194.ppm,718,306,787,369,school_crossing_(danger)
00195.ppm,1040,155,1161,268,priority_at_next_intersection_(danger)
00195.ppm,784,398,820,430,danger_(danger)
00196.ppm,726,316,787,370,give_way_(other)
00196.ppm,734,370,778,416,go_right_(mandatory)
00196.ppm,534,471,558,496,keep_right_(mandatory)
00197.ppm,867,278,956,361,priority_at_next_intersection_(danger)
00198.ppm,681,438,699,456,go_right_or_straight_(mandatory)
00198.ppm,678,412,702,435,stop_(other)
00199.ppm,826,322,882,374,priority_at_next_intersection_(danger)
00200.ppm,840,287,915,364,stop_(other)
00200.ppm,849,364,901,416,go_left_(mandatory)
00200.ppm,648,410,670,433,no_entry_(other)
00200.ppm,257,403,281,428,no_entry_(other)
00201.ppm,762,352,812,397,give_way_(other)
00202.ppm,657,319,702,365,stop_(other)
00202.ppm,56,315,104,363,stop_(other)
00203.ppm,758,375,784,400,speed_limit_20_(prohibitory)
00204.ppm,858,151,946,242,speed_limit_30_(prohibitory)
00204.ppm,730,260,783,316,go_left_(mandatory)
00205.ppm,1202,332,1326,449,construction_(danger)
00206.ppm,61,105,135,178,go_left_(mandatory)
00206.ppm,1159,197,1224,261,go_right_(mandatory)
00206.ppm,827,471,847,493,keep_right_(mandatory)
00206.ppm,55,8,164,103,give_way_(other)
00206.ppm,1144,118,1235,196,give_way_(other)
00207.ppm,870,313,942,378,construction_(danger)
00208.ppm,638,239,732,319,danger_(danger)
00209.ppm,1110,287,1170,348,go_right_(mandatory)
00209.ppm,1097,210,1184,287,give_way_(other)
00210.ppm,1017,418,1038,443,go_straight_(mandatory)
00210.ppm,1011,385,1043,418,priority_road_(other)
00211.ppm,667,410,705,445,priority_at_next_intersection_(danger)
00212.ppm,293,427,315,450,go_left_(mandatory)
00212.ppm,721,381,749,408,priority_road_(other)
00212.ppm,756,402,782,430,go_right_(mandatory)
00214.ppm,1185,130,1295,236,stop_(other)
00214.ppm,1214,241,1288,312,go_right_(mandatory)
00215.ppm,784,480,804,500,keep_left_(mandatory)
00216.ppm,312,442,337,467,speed_limit_80_(prohibitory)
00216.ppm,886,446,911,472,speed_limit_80_(prohibitory)
00217.ppm,971,267,1031,328,speed_limit_30_(prohibitory)
00218.ppm,808,437,827,456,go_right_(mandatory)
00219.ppm,1080,270,1155,340,give_way_(other)
00219.ppm,1089,345,1144,401,go_right_(mandatory)
00220.ppm,1127,285,1168,326,speed_limit_30_(prohibitory)
00221.ppm,988,420,1042,470,traffic_signal_(danger)
00222.ppm,985,354,1022,390,speed_limit_30_(prohibitory)
00223.ppm,816,334,858,374,speed_limit_30_(prohibitory)
00224.ppm,932,188,1024,278,school_crossing_(danger)
00224.ppm,923,276,977,341,speed_limit_30_(prohibitory)
00224.ppm,977,263,1042,333,no_overtaking_(prohibitory)
00225.ppm,856,268,924,334,speed_limit_30_(prohibitory)
00226.ppm,1152,224,1220,290,speed_limit_30_(prohibitory)
00227.ppm,1228,259,1306,329,danger_(danger)
00228.ppm,937,295,998,356,speed_limit_30_(prohibitory)
00229.ppm,1282,339,1332,383,school_crossing_(danger)
00229.ppm,1273,384,1305,417,speed_limit_30_(prohibitory)
00229.ppm,1305,382,1341,414,no_overtaking_(prohibitory)
00230.ppm,974,398,1002,426,speed_limit_30_(prohibitory)
00230.ppm,968,426,1007,463,school_crossing_(danger)
00231.ppm,1146,362,1183,399,speed_limit_30_(prohibitory)
00232.ppm,589,495,617,524,keep_right_(mandatory)
00232.ppm,868,379,910,419,give_way_(other)
00232.ppm,297,420,340,459,give_way_(other)
00233.ppm,325,485,358,517,keep_right_(mandatory)
00234.ppm,1051,275,1115,338,speed_limit_30_(prohibitory)
00236.ppm,1081,274,1199,402,stop_(other)
00237.ppm,822,361,854,393,stop_(other)
00237.ppm,290,389,323,422,stop_(other)
00238.ppm,842,400,881,435,danger_(danger)
00238.ppm,849,443,877,471,speed_limit_30_(prohibitory)
00239.ppm,788,411,814,436,danger_(danger)
00239.ppm,792,439,812,458,speed_limit_30_(prohibitory)
00239.ppm,827,412,855,441,priority_road_(other)
00240.ppm,847,364,879,396,speed_limit_30_(prohibitory)
00241.ppm,838,400,880,442,speed_limit_50_(prohibitory)
00242.ppm,848,388,870,413,no_traffic_both_ways_(prohibitory)
00242.ppm,1195,267,1302,366,give_way_(other)
00243.ppm,843,447,867,470,speed_limit_50_(prohibitory)
00244.ppm,491,390,530,429,no_overtaking_(trucks)_(prohibitory)
00244.ppm,1238,349,1282,394,no_overtaking_(trucks)_(prohibitory)
00245.ppm,477,442,499,464,no_overtaking_(trucks)_(prohibitory)
00245.ppm,851,438,874,461,no_overtaking_(trucks)_(prohibitory)
00246.ppm,311,381,354,425,no_overtaking_(trucks)_(prohibitory)
00246.ppm,1091,354,1134,396,no_overtaking_(trucks)_(prohibitory)
00247.ppm,471,453,492,474,speed_limit_80_(prohibitory)
00247.ppm,856,448,877,469,speed_limit_80_(prohibitory)
00248.ppm,204,452,229,479,speed_limit_80_(prohibitory)
00248.ppm,843,429,870,456,speed_limit_80_(prohibitory)
00249.ppm,1212,419,1244,452,speed_limit_50_(prohibitory)
00250.ppm,100,423,168,495,keep_right_(mandatory)
00250.ppm,907,446,932,471,speed_limit_50_(prohibitory)
00251.ppm,116,425,208,520,keep_right_(mandatory)
00252.ppm,915,389,960,434,no_overtaking_(prohibitory)
00252.ppm,910,326,956,372,speed_limit_30_(prohibitory)
00253.ppm,1186,134,1301,244,no_overtaking_(prohibitory)
00254.ppm,1172,270,1237,336,speed_limit_50_(prohibitory)
00254.ppm,1264,368,1295,398,slippery_road_(danger)
00255.ppm,183,503,260,581,keep_right_(mandatory)
00256.ppm,1105,42,1232,153,danger_(danger)
00257.ppm,1237,334,1295,387,construction_(danger)
00257.ppm,1079,388,1119,423,construction_(danger)
00258.ppm,745,469,777,501,priority_at_next_intersection_(danger)
00258.ppm,346,490,381,522,priority_at_next_intersection_(danger)
00259.ppm,1202,329,1247,374,speed_limit_30_(prohibitory)
00260.ppm,720,266,784,330,speed_limit_20_(prohibitory)
00261.ppm,1150,250,1208,311,go_straight_(mandatory)
00262.ppm,894,282,953,341,go_right_or_straight_(mandatory)
00262.ppm,1042,37,1146,139,priority_road_(other)
00263.ppm,646,417,666,437,speed_limit_50_(prohibitory)
00264.ppm,964,412,988,435,speed_limit_70_(prohibitory)
00264.ppm,965,435,988,458,no_overtaking_(prohibitory)
00264.ppm,509,466,531,488,no_overtaking_(prohibitory)
00265.ppm,800,426,831,456,road_narrows_(danger)
00265.ppm,783,446,804,464,danger_(danger)
00265.ppm,805,458,827,480,speed_limit_30_(prohibitory)
00266.ppm,242,450,293,501,danger_(danger)
00267.ppm,834,380,856,402,go_right_or_straight_(mandatory)
00267.ppm,859,387,886,414,priority_road_(other)
00268.ppm,891,396,917,422,speed_limit_50_(prohibitory)
00269.ppm,966,430,990,454,no_overtaking_(prohibitory)
00270.ppm,1238,331,1291,385,restriction_ends_(overtaking)_(other)
00270.ppm,243,335,293,386,speed_limit_50_(prohibitory)
00270.ppm,1237,279,1291,332,speed_limit_50_(prohibitory)
00271.ppm,259,369,297,408,speed_limit_50_(prohibitory)
00271.ppm,1090,341,1130,381,speed_limit_50_(prohibitory)
00272.ppm,1223,315,1297,385,danger_(danger)
00272.ppm,310,398,377,461,danger_(danger)
00273.ppm,1080,286,1145,343,cycles_crossing_(danger)
00274.ppm,975,395,1011,430,speed_limit_20_(prohibitory)
00275.ppm,1196,342,1237,384,go_right_(mandatory)
00275.ppm,206,410,238,445,go_right_(mandatory)
00276.ppm,798,346,845,388,cycles_crossing_(danger)
00276.ppm,109,464,153,517,keep_right_(mandatory)
00277.ppm,1048,399,1071,422,no_trucks_(prohibitory)
00278.ppm,922,389,951,419,roundabout_(mandatory)
00278.ppm,915,354,955,390,give_way_(other)
00279.ppm,617,484,673,540,keep_right_(mandatory)
00280.ppm,1054,392,1083,422,speed_limit_50_(prohibitory)
00280.ppm,1131,357,1182,408,priority_road_(other)
00281.ppm,982,363,1016,393,animals_(danger)
00281.ppm,984,392,1017,425,speed_limit_50_(prohibitory)
00282.ppm,869,414,901,444,cycles_crossing_(danger)
00283.ppm,1177,114,1284,219,speed_limit_70_(prohibitory)
00284.ppm,980,269,1059,347,priority_road_(other)
00284.ppm,993,347,1051,404,speed_limit_50_(prohibitory)
00285.ppm,1091,304,1146,359,stop_(other)
00286.ppm,1015,360,1044,389,stop_(other)
00287.ppm,1113,370,1154,411,speed_limit_50_(prohibitory)
00288.ppm,413,456,436,479,speed_limit_80_(prohibitory)
00288.ppm,983,438,1006,462,speed_limit_80_(prohibitory)
00289.ppm,285,401,326,444,restriction_ends_80_(other)
00289.ppm,1282,379,1326,424,restriction_ends_80_(other)
00290.ppm,1294,391,1326,428,speed_limit_80_(prohibitory)
00291.ppm,1129,384,1165,422,speed_limit_60_(prohibitory)
00292.ppm,982,422,1011,451,speed_limit_120_(prohibitory)
00292.ppm,315,447,345,476,speed_limit_120_(prohibitory)
00293.ppm,28,410,70,456,speed_limit_100_(prohibitory)
00293.ppm,1143,365,1193,415,speed_limit_100_(prohibitory)
00294.ppm,101,405,153,453,uneven_road_(danger)
00294.ppm,1173,326,1231,381,uneven_road_(danger)
00295.ppm,1227,364,1272,411,restriction_ends_80_(other)
00295.ppm,98,417,142,463,restriction_ends_80_(other)
00296.ppm,460,409,492,442,speed_limit_100_(prohibitory)
00296.ppm,1237,385,1269,417,speed_limit_100_(prohibitory)
00297.ppm,1015,444,1042,468,traffic_signal_(danger)
00297.ppm,593,443,620,466,traffic_signal_(danger)
00298.ppm,1220,168,1327,264,uneven_road_(danger)
00298.ppm,1238,256,1314,331,speed_limit_50_(prohibitory)
00298.ppm,69,445,107,475,priority_at_next_intersection_(danger)
00299.ppm,1245,247,1304,306,restriction_ends_(overtaking_(trucks))_(other)
00300.ppm,680,430,710,458,construction_(danger)
00300.ppm,779,420,801,443,speed_limit_50_(prohibitory)
00301.ppm,1062,260,1131,324,uneven_road_(danger)
00301.ppm,1075,318,1125,368,speed_limit_50_(prohibitory)
00302.ppm,1123,333,1163,373,restriction_ends_(overtaking_(trucks))_(other)
00303.ppm,1186,385,1215,414,speed_limit_50_(prohibitory)
00304.ppm,504,385,553,434,go_straight_(mandatory)
00305.ppm,765,368,827,422,priority_at_next_intersection_(danger)
00305.ppm,549,348,597,393,danger_(danger)
00306.ppm,1047,420,1084,455,bend_right_(danger)
00306.ppm,353,471,389,505,bend_right_(danger)
00307.ppm,457,474,488,505,no_entry_(other)
00307.ppm,795,454,827,487,no_entry_(other)
00307.ppm,892,417,934,457,uneven_road_(danger)
00307.ppm,829,453,862,486,keep_right_(mandatory)
00309.ppm,180,388,220,431,speed_limit_100_(prohibitory)
00309.ppm,1159,353,1203,398,speed_limit_100_(prohibitory)
00310.ppm,285,426,317,459,restriction_ends_(overtaking_(trucks))_(other)
00310.ppm,1150,390,1188,427,restriction_ends_(overtaking_(trucks))_(other)
00311.ppm,616,424,650,458,speed_limit_120_(prohibitory)
00311.ppm,1295,391,1329,425,speed_limit_120_(prohibitory)
00312.ppm,122,267,225,379,speed_limit_80_(prohibitory)
00312.ppm,1226,411,1249,433,uneven_road_(danger)
00312.ppm,677,434,699,453,uneven_road_(danger)
00313.ppm,369,414,424,470,restriction_ends_80_(other)
00314.ppm,1213,398,1247,434,speed_limit_80_(prohibitory)
00314.ppm,396,451,429,485,speed_limit_80_(prohibitory)
00315.ppm,1267,373,1310,419,restriction_ends_80_(other)
00315.ppm,172,414,213,462,restriction_ends_80_(other)
00316.ppm,693,413,719,437,bend_right_(danger)
00316.ppm,696,436,719,458,speed_limit_60_(prohibitory)
00316.ppm,994,395,1022,420,bend_right_(danger)
00316.ppm,995,421,1020,445,speed_limit_60_(prohibitory)
00317.ppm,1122,378,1166,421,restriction_ends_(other)
00318.ppm,631,451,657,477,no_traffic_both_ways_(prohibitory)
00318.ppm,779,481,800,502,keep_right_(mandatory)
00319.ppm,1201,403,1248,450,speed_limit_60_(prohibitory)
00319.ppm,569,436,612,481,speed_limit_60_(prohibitory)
00320.ppm,175,438,202,466,restriction_ends_(other)
00320.ppm,921,403,951,434,restriction_ends_(other)
00322.ppm,1166,327,1209,370,speed_limit_80_(prohibitory)
00322.ppm,338,406,381,449,speed_limit_80_(prohibitory)
00323.ppm,398,437,425,464,no_overtaking_(trucks)_(prohibitory)
00323.ppm,854,438,881,466,no_overtaking_(trucks)_(prohibitory)
00330.ppm,1050,313,1116,381,speed_limit_50_(prohibitory)
00333.ppm,116,414,176,477,stop_(other)
00333.ppm,753,387,808,445,stop_(other)
00334.ppm,323,452,369,498,no_traffic_both_ways_(prohibitory)
00334.ppm,760,435,797,472,speed_limit_50_(prohibitory)
00337.ppm,901,408,932,438,priority_road_(other)
00338.ppm,504,397,538,427,traffic_signal_(danger)
00338.ppm,505,425,536,453,speed_limit_50_(prohibitory)
00338.ppm,998,397,1031,426,traffic_signal_(danger)
00338.ppm,1000,426,1029,453,speed_limit_50_(prohibitory)
00339.ppm,627,442,660,476,speed_limit_30_(prohibitory)
00339.ppm,969,414,1021,463,priority_road_(other)
00340.ppm,827,543,851,567,stop_(other)
00340.ppm,827,521,852,546,go_right_(mandatory)
00340.ppm,827,543,851,567,stop_(other)
00341.ppm,923,465,997,533,give_way_(other)
00343.ppm,802,531,829,558,no_traffic_both_ways_(prohibitory)
00343.ppm,483,507,512,536,no_traffic_both_ways_(prohibitory)
00344.ppm,799,413,879,494,priority_road_(other)
00346.ppm,291,541,321,571,speed_limit_80_(prohibitory)
00346.ppm,883,542,911,570,speed_limit_80_(prohibitory)
00347.ppm,913,545,970,597,snow_(danger)
00348.ppm,952,524,990,562,speed_limit_80_(prohibitory)
00349.ppm,53,455,114,514,no_overtaking_(trucks)_(prohibitory)
00349.ppm,1244,465,1312,534,no_overtaking_(trucks)_(prohibitory)
00350.ppm,475,543,508,576,no_overtaking_(trucks)_(prohibitory)
00350.ppm,1092,542,1125,573,no_overtaking_(trucks)_(prohibitory)
00351.ppm,511,533,538,560,speed_limit_80_(prohibitory)
00352.ppm,969,549,996,576,restriction_ends_80_(other)
00352.ppm,528,553,555,580,restriction_ends_80_(other)
00353.ppm,836,554,860,578,no_overtaking_(trucks)_(prohibitory)
00353.ppm,456,559,477,581,no_overtaking_(trucks)_(prohibitory)
00355.ppm,474,537,507,570,no_overtaking_(trucks)_(prohibitory)
00356.ppm,946,520,1004,573,snow_(danger)
00356.ppm,249,499,310,555,snow_(danger)
00357.ppm,1095,524,1130,560,no_overtaking_(trucks)_(prohibitory)
00357.ppm,463,528,500,565,no_overtaking_(trucks)_(prohibitory)
00358.ppm,316,490,374,549,speed_limit_120_(prohibitory)
00359.ppm,879,559,903,583,speed_limit_120_(prohibitory)
00359.ppm,467,560,492,585,speed_limit_120_(prohibitory)
00360.ppm,1032,484,1076,528,speed_limit_120_(prohibitory)
00360.ppm,253,502,296,545,speed_limit_120_(prohibitory)
00362.ppm,252,470,370,574,snow_(danger)
00363.ppm,407,483,450,526,speed_limit_120_(prohibitory)
00363.ppm,409,525,453,568,no_overtaking_(trucks)_(prohibitory)
00366.ppm,517,530,540,553,speed_limit_120_(prohibitory)
00366.ppm,518,553,541,576,no_overtaking_(trucks)_(prohibitory)
00366.ppm,988,550,1014,573,speed_limit_120_(prohibitory)
00366.ppm,988,574,1015,597,no_overtaking_(trucks)_(prohibitory)
00367.ppm,1028,501,1068,541,speed_limit_120_(prohibitory)
00367.ppm,1028,542,1071,583,no_overtaking_(trucks)_(prohibitory)
00367.ppm,230,488,274,530,speed_limit_120_(prohibitory)
00367.ppm,235,533,276,573,no_overtaking_(trucks)_(prohibitory)
00368.ppm,382,460,431,510,speed_limit_120_(prohibitory)
00368.ppm,378,509,431,561,no_overtaking_(trucks)_(prohibitory)
00369.ppm,521,544,542,564,speed_limit_120_(prohibitory)
00369.ppm,520,564,543,585,no_overtaking_(trucks)_(prohibitory)
00369.ppm,874,532,895,551,speed_limit_120_(prohibitory)
00369.ppm,875,550,896,571,no_overtaking_(trucks)_(prohibitory)
00370.ppm,880,536,904,559,speed_limit_120_(prohibitory)
00370.ppm,880,558,907,584,no_overtaking_(trucks)_(prohibitory)
00370.ppm,440,531,467,554,speed_limit_120_(prohibitory)
00370.ppm,442,553,468,578,no_overtaking_(trucks)_(prohibitory)
00371.ppm,316,521,372,577,speed_limit_80_(prohibitory)
00372.ppm,974,486,1017,529,speed_limit_70_(prohibitory)
00373.ppm,164,517,195,548,speed_limit_70_(prohibitory)
00373.ppm,819,511,853,545,speed_limit_70_(prohibitory)
00374.ppm,999,527,1031,560,give_way_(other)
00374.ppm,671,563,696,589,priority_road_(other)
00375.ppm,1229,521,1255,545,give_way_(other)
00376.ppm,266,487,309,530,restriction_ends_80_(other)
00376.ppm,989,510,1031,552,restriction_ends_80_(other)
00377.ppm,1133,504,1172,543,speed_limit_120_(prohibitory)
00377.ppm,239,490,278,531,speed_limit_120_(prohibitory)
00377.ppm,1133,543,1172,582,no_overtaking_(trucks)_(prohibitory)
00377.ppm,236,532,277,573,no_overtaking_(trucks)_(prohibitory)
00378.ppm,23,362,142,480,no_overtaking_(trucks)_(prohibitory)
00378.ppm,22,242,145,362,speed_limit_120_(prohibitory)
00379.ppm,186,458,232,504,speed_limit_120_(prohibitory)
00379.ppm,1064,488,1112,536,no_overtaking_(trucks)_(prohibitory)
00379.ppm,185,503,232,550,no_overtaking_(trucks)_(prohibitory)
00379.ppm,1062,442,1109,489,speed_limit_120_(prohibitory)
00380.ppm,551,559,575,583,no_overtaking_(trucks)_(prohibitory)
00380.ppm,953,564,976,587,no_overtaking_(trucks)_(prohibitory)
00380.ppm,952,540,975,563,speed_limit_120_(prohibitory)
00380.ppm,551,535,575,559,speed_limit_120_(prohibitory)
00382.ppm,445,490,485,530,speed_limit_120_(prohibitory)
00382.ppm,446,529,485,568,no_overtaking_(trucks)_(prohibitory)
00382.ppm,1209,496,1248,535,speed_limit_120_(prohibitory)
00382.ppm,1211,533,1250,572,no_overtaking_(trucks)_(prohibitory)
00383.ppm,527,546,561,575,snow_(danger)
00383.ppm,988,542,1021,571,snow_(danger)
00384.ppm,1199,416,1263,480,speed_limit_120_(prohibitory)
00384.ppm,1202,479,1267,544,no_overtaking_(trucks)_(prohibitory)
00385.ppm,977,529,1016,568,speed_limit_120_(prohibitory)
00385.ppm,267,531,307,571,speed_limit_120_(prohibitory)
00386.ppm,555,561,580,586,no_overtaking_(trucks)_(prohibitory)
00386.ppm,977,550,1000,573,no_overtaking_(trucks)_(prohibitory)
00387.ppm,411,499,477,563,snow_(danger)
00387.ppm,1185,484,1251,547,snow_(danger)
00388.ppm,1274,497,1346,561,give_way_(other)
00390.ppm,455,502,503,550,speed_limit_120_(prohibitory)
00390.ppm,1219,494,1265,541,speed_limit_120_(prohibitory)
00391.ppm,1260,502,1304,551,restriction_ends_80_(other)
00391.ppm,198,508,247,558,restriction_ends_80_(other)
00392.ppm,358,443,423,512,speed_limit_100_(prohibitory)
00393.ppm,278,484,373,571,slippery_road_(danger)
00395.ppm,201,519,241,561,restriction_ends_80_(other)
00395.ppm,903,519,938,555,restriction_ends_80_(other)
00396.ppm,192,484,238,531,speed_limit_100_(prohibitory)
00396.ppm,998,468,1046,516,speed_limit_100_(prohibitory)
00397.ppm,949,559,983,593,no_overtaking_(trucks)_(prohibitory)
00397.ppm,947,524,982,559,speed_limit_70_(prohibitory)
00398.ppm,769,517,796,540,traffic_signal_(danger)
00398.ppm,771,538,795,560,speed_limit_70_(prohibitory)
00398.ppm,772,558,796,582,no_overtaking_(trucks)_(prohibitory)
00400.ppm,1236,480,1290,528,traffic_signal_(danger)
00401.ppm,420,496,461,537,speed_limit_70_(prohibitory)
00401.ppm,1122,497,1163,538,speed_limit_70_(prohibitory)
00402.ppm,1094,500,1132,538,restriction_ends_(overtaking_(trucks))_(other)
00403.ppm,568,563,591,587,restriction_ends_(overtaking_(trucks))_(other)
00403.ppm,940,558,966,584,restriction_ends_(overtaking_(trucks))_(other)
00403.ppm,568,540,592,564,speed_limit_70_(prohibitory)
00403.ppm,939,532,965,559,speed_limit_70_(prohibitory)
00404.ppm,335,415,396,476,speed_limit_70_(prohibitory)
00404.ppm,1255,415,1312,472,speed_limit_70_(prohibitory)
00405.ppm,1255,470,1309,525,speed_limit_70_(prohibitory)
00405.ppm,355,444,411,499,speed_limit_70_(prohibitory)
00405.ppm,1249,397,1317,470,priority_road_(other)
00406.ppm,520,554,551,581,danger_(danger)
00406.ppm,852,544,879,570,danger_(danger)
00406.ppm,1046,503,1097,551,snow_(danger)
00406.ppm,284,514,333,559,snow_(danger)
00408.ppm,128,463,212,539,danger_(danger)
00408.ppm,1132,479,1210,549,danger_(danger)
00410.ppm,367,615,423,671,keep_right_(mandatory)
00411.ppm,185,602,238,662,keep_right_(mandatory)
00411.ppm,110,557,139,588,no_entry_(other)
00411.ppm,496,552,529,587,no_entry_(other)
00412.ppm,1002,499,1047,545,speed_limit_100_(prohibitory)
00413.ppm,1038,480,1084,529,speed_limit_60_(prohibitory)
00414.ppm,1032,421,1078,468,speed_limit_60_(prohibitory)
00415.ppm,827,549,849,571,no_overtaking_(prohibitory)
00416.ppm,813,505,851,543,speed_limit_60_(prohibitory)
00417.ppm,29,448,129,539,danger_(danger)
00418.ppm,455,537,488,566,uneven_road_(danger)
00418.ppm,460,563,482,585,speed_limit_120_(prohibitory)
00419.ppm,979,489,1025,537,speed_limit_100_(prohibitory)
00420.ppm,828,542,851,565,speed_limit_60_(prohibitory)
00420.ppm,361,548,383,570,speed_limit_60_(prohibitory)
00421.ppm,946,554,976,581,give_way_(other)
00422.ppm,599,567,624,591,slippery_road_(danger)
00423.ppm,365,469,451,547,construction_(danger)
00423.ppm,1151,445,1245,533,construction_(danger)
00425.ppm,302,503,342,543,speed_limit_80_(prohibitory)
00425.ppm,900,500,941,541,speed_limit_80_(prohibitory)
00425.ppm,302,543,342,583,no_overtaking_(trucks)_(prohibitory)
00425.ppm,903,541,944,582,no_overtaking_(trucks)_(prohibitory)
00426.ppm,1077,391,1197,502,construction_(danger)
00427.ppm,294,383,388,479,speed_limit_80_(prohibitory)
00428.ppm,325,548,353,576,speed_limit_100_(prohibitory)
00428.ppm,937,543,966,572,speed_limit_100_(prohibitory)
00430.ppm,929,414,1008,488,give_way_(other)
00431.ppm,275,527,314,564,speed_limit_120_(prohibitory)
00431.ppm,1141,496,1179,536,speed_limit_120_(prohibitory)
00432.ppm,237,560,263,586,speed_limit_120_(prohibitory)
00432.ppm,942,512,970,540,speed_limit_120_(prohibitory)
00433.ppm,510,529,566,583,construction_(danger)
00434.ppm,167,194,257,286,speed_limit_80_(prohibitory)
00435.ppm,834,535,862,564,no_overtaking_(prohibitory)
00436.ppm,794,531,816,553,speed_limit_80_(prohibitory)
00438.ppm,533,559,554,580,restriction_ends_(overtaking)_(other)
00438.ppm,841,556,862,577,restriction_ends_(overtaking)_(other)
00439.ppm,1194,504,1251,564,speed_limit_120_(prohibitory)
00440.ppm,1243,492,1324,562,slippery_road_(danger)
00441.ppm,1063,531,1112,580,speed_limit_120_(prohibitory)
00443.ppm,817,550,847,578,danger_(danger)
00443.ppm,823,579,843,598,speed_limit_120_(prohibitory)
00443.ppm,470,551,502,578,danger_(danger)
00443.ppm,477,578,497,596,speed_limit_120_(prohibitory)
00444.ppm,379,528,427,573,bend_right_(danger)
00444.ppm,964,531,1009,573,bend_right_(danger)
00444.ppm,389,569,419,600,speed_limit_100_(prohibitory)
00444.ppm,972,572,1001,601,speed_limit_100_(prohibitory)
00445.ppm,1021,498,1066,544,speed_limit_80_(prohibitory)
00445.ppm,213,519,254,561,speed_limit_80_(prohibitory)
00446.ppm,401,507,441,544,no_entry_(other)
00446.ppm,767,497,803,530,no_entry_(other)
00446.ppm,774,568,807,601,keep_right_(mandatory)
00447.ppm,1182,418,1268,495,give_way_(other)
00448.ppm,581,598,602,620,keep_right_(mandatory)
00449.ppm,212,468,254,507,give_way_(other)
00449.ppm,812,448,853,486,give_way_(other)
00450.ppm,1104,359,1181,429,priority_at_next_intersection_(danger)
00451.ppm,790,558,819,585,priority_at_next_intersection_(danger)
00452.ppm,876,543,914,578,construction_(danger)
00453.ppm,1215,332,1302,407,school_crossing_(danger)
00453.ppm,895,497,922,524,priority_at_next_intersection_(danger)
00453.ppm,224,407,279,457,school_crossing_(danger)
00455.ppm,1094,362,1184,442,priority_at_next_intersection_(danger)
00456.ppm,421,414,476,470,speed_limit_60_(prohibitory)
00457.ppm,1243,418,1301,475,speed_limit_50_(prohibitory)
00457.ppm,517,466,554,504,speed_limit_50_(prohibitory)
00458.ppm,989,493,1018,525,priority_road_(other)
00459.ppm,877,515,912,548,construction_(danger)
00459.ppm,884,548,909,573,speed_limit_30_(prohibitory)
00460.ppm,829,456,859,484,priority_road_(other)
00460.ppm,831,481,862,512,go_right_(mandatory)
00461.ppm,1231,264,1302,331,priority_road_(other)
00463.ppm,555,628,585,659,keep_right_(mandatory)
00465.ppm,1241,315,1331,395,give_way_(other)
00466.ppm,1215,399,1267,443,give_way_(other)
00466.ppm,514,468,548,497,give_way_(other)
00466.ppm,1226,440,1263,475,go_straight_(mandatory)
00466.ppm,519,494,543,518,go_left_(mandatory)
00467.ppm,1132,501,1168,537,speed_limit_60_(prohibitory)
00468.ppm,1128,506,1165,544,speed_limit_60_(prohibitory)
00470.ppm,823,489,847,513,speed_limit_30_(prohibitory)
00470.ppm,904,514,938,549,give_way_(other)
00470.ppm,1135,218,1248,331,priority_road_(other)
00471.ppm,789,491,817,520,priority_road_(other)
00472.ppm,880,500,925,544,priority_road_(other)
00473.ppm,507,532,540,565,no_overtaking_(trucks)_(prohibitory)
00473.ppm,1152,506,1184,538,no_overtaking_(trucks)_(prohibitory)
00474.ppm,1242,549,1274,581,speed_limit_100_(prohibitory)
00474.ppm,514,569,545,600,speed_limit_100_(prohibitory)
00475.ppm,1233,468,1310,543,speed_limit_100_(prohibitory)
00476.ppm,163,518,199,555,speed_limit_100_(prohibitory)
00476.ppm,1152,523,1187,558,speed_limit_100_(prohibitory)
00477.ppm,298,506,338,546,speed_limit_80_(prohibitory)
00478.ppm,921,470,963,512,speed_limit_80_(prohibitory)
00478.ppm,218,483,258,523,speed_limit_80_(prohibitory)
00479.ppm,982,498,1025,539,give_way_(other)
00479.ppm,990,539,1020,569,roundabout_(mandatory)
00480.ppm,1055,444,1103,492,speed_limit_50_(prohibitory)
00481.ppm,908,502,944,535,danger_(danger)
00482.ppm,732,526,768,564,priority_road_(other)
00482.ppm,260,528,296,570,no_entry_(other)
00482.ppm,283,564,303,590,no_entry_(other)
00482.ppm,1055,566,1071,587,give_way_(other)
00483.ppm,150,510,203,563,speed_limit_100_(prohibitory)
00483.ppm,1182,531,1232,583,speed_limit_100_(prohibitory)
00484.ppm,339,509,372,542,no_trucks_(prohibitory)
00484.ppm,1002,529,1035,563,no_trucks_(prohibitory)
00485.ppm,203,377,278,454,no_trucks_(prohibitory)
00486.ppm,410,519,465,574,speed_limit_100_(prohibitory)
00487.ppm,625,606,644,625,keep_right_(mandatory)
00488.ppm,494,611,516,633,keep_right_(mandatory)
00490.ppm,842,516,870,539,give_way_(other)
00490.ppm,644,596,668,620,keep_right_(mandatory)
00490.ppm,847,536,867,556,roundabout_(mandatory)
00491.ppm,430,568,488,637,keep_right_(mandatory)
00492.ppm,893,528,923,557,priority_at_next_intersection_(danger)
00493.ppm,910,450,966,501,danger_(danger)
00494.ppm,1113,300,1211,395,speed_limit_30_(prohibitory)
00496.ppm,511,494,552,536,speed_limit_120_(prohibitory)
00496.ppm,509,535,550,576,no_overtaking_(trucks)_(prohibitory)
00497.ppm,392,611,425,651,keep_right_(mandatory)
00498.ppm,249,586,298,634,keep_right_(mandatory)
00498.ppm,248,482,292,526,no_entry_(other)
00499.ppm,1009,497,1056,539,give_way_(other)
00500.ppm,952,499,1000,546,speed_limit_80_(prohibitory)
00501.ppm,943,557,962,577,speed_limit_70_(prohibitory)
00501.ppm,610,558,628,577,speed_limit_70_(prohibitory)
00501.ppm,120,282,227,386,no_entry_(other)
00501.ppm,107,637,216,748,keep_right_(mandatory)
00502.ppm,57,556,85,584,no_entry_(other)
00502.ppm,579,555,606,582,no_entry_(other)
00502.ppm,558,577,592,611,keep_right_(mandatory)
00503.ppm,354,579,423,650,keep_right_(mandatory)
00504.ppm,379,595,410,627,keep_right_(mandatory)
00505.ppm,1052,480,1092,521,priority_road_(other)
00507.ppm,878,473,933,524,priority_at_next_intersection_(danger)
00507.ppm,657,587,673,605,keep_right_(mandatory)
00508.ppm,865,495,908,534,priority_at_next_intersection_(danger)
00509.ppm,833,487,877,527,priority_at_next_intersection_(danger)
00512.ppm,230,486,270,522,speed_limit_80_(prohibitory)
00512.ppm,1139,490,1179,530,speed_limit_80_(prohibitory)
00513.ppm,142,501,197,556,speed_limit_100_(prohibitory)
00514.ppm,381,511,418,548,no_overtaking_(trucks)_(prohibitory)
00514.ppm,1168,491,1206,530,no_overtaking_(trucks)_(prohibitory)
00515.ppm,257,361,333,435,speed_limit_60_(prohibitory)
00516.ppm,240,275,298,333,go_left_(mandatory)
00517.ppm,271,422,345,496,no_overtaking_(trucks)_(prohibitory)
00518.ppm,451,526,499,574,speed_limit_100_(prohibitory)
00519.ppm,454,531,507,584,speed_limit_100_(prohibitory)
00520.ppm,380,507,436,565,no_overtaking_(trucks)_(prohibitory)
00521.ppm,377,574,405,604,speed_limit_100_(prohibitory)
00521.ppm,946,565,976,595,speed_limit_100_(prohibitory)
00523.ppm,1285,512,1330,555,no_overtaking_(trucks)_(prohibitory)
00523.ppm,455,515,502,562,no_overtaking_(trucks)_(prohibitory)
00524.ppm,187,530,241,584,speed_limit_100_(prohibitory)
00524.ppm,1219,528,1271,580,speed_limit_100_(prohibitory)
00527.ppm,874,426,904,456,no_overtaking_(trucks)_(prohibitory)
00527.ppm,359,420,389,450,no_overtaking_(trucks)_(prohibitory)
00528.ppm,985,339,1026,380,speed_limit_100_(prohibitory)
00528.ppm,166,415,205,455,speed_limit_100_(prohibitory)
00530.ppm,425,401,460,435,no_overtaking_(trucks)_(prohibitory)
00530.ppm,1010,401,1043,434,no_overtaking_(trucks)_(prohibitory)
00531.ppm,484,443,504,463,no_overtaking_(trucks)_(prohibitory)
00531.ppm,909,431,931,453,no_overtaking_(trucks)_(prohibitory)
00536.ppm,27,428,57,458,no_entry_(other)
00536.ppm,327,452,353,478,no_entry_(other)
00536.ppm,724,479,740,495,keep_right_(mandatory)
00542.ppm,842,440,866,464,priority_road_(other)
00544.ppm,1054,297,1122,358,priority_at_next_intersection_(danger)
00544.ppm,990,425,1028,459,construction_(danger)
00544.ppm,744,438,762,458,speed_limit_30_(prohibitory)
00545.ppm,213,435,247,474,no_traffic_both_ways_(prohibitory)
00548.ppm,775,432,811,468,stop_(other)
00548.ppm,782,469,807,494,go_right_or_straight_(mandatory)
00551.ppm,937,465,966,493,no_trucks_(prohibitory)
00552.ppm,537,512,554,529,speed_limit_120_(prohibitory)
00552.ppm,538,528,554,544,no_overtaking_(trucks)_(prohibitory)
00552.ppm,814,508,832,526,speed_limit_120_(prohibitory)
00552.ppm,815,525,831,541,no_overtaking_(trucks)_(prohibitory)
00554.ppm,947,472,984,507,danger_(danger)
00556.ppm,1195,499,1253,557,keep_right_(mandatory)
00557.ppm,273,462,317,502,slippery_road_(danger)
00557.ppm,458,461,506,508,give_way_(other)
00560.ppm,1039,173,1099,233,speed_limit_60_(prohibitory)
00564.ppm,755,368,799,408,priority_at_next_intersection_(danger)
00565.ppm,731,336,764,370,priority_road_(other)
00566.ppm,655,395,689,429,no_overtaking_(prohibitory)
00566.ppm,124,419,156,451,no_overtaking_(prohibitory)
00566.ppm,461,489,481,508,keep_right_(mandatory)
00567.ppm,1050,409,1109,460,uneven_road_(danger)
00570.ppm,881,416,914,449,no_overtaking_(prohibitory)
00571.ppm,1287,361,1308,384,no_entry_(other)
00575.ppm,403,474,435,506,keep_right_(mandatory)
00593.ppm,584,510,608,534,keep_right_(mandatory)
00599.ppm,700,454,722,476,no_overtaking_(prohibitory)
00601.ppm,82,450,145,508,speed_limit_100_(prohibitory)
00602.ppm,1268,555,1299,586,speed_limit_120_(prohibitory)
00602.ppm,443,543,474,574,speed_limit_120_(prohibitory)
00603.ppm,361,445,417,500,no_overtaking_(trucks)_(prohibitory)
00604.ppm,365,482,437,546,snow_(danger)
00605.ppm,167,511,206,550,speed_limit_70_(prohibitory)
00605.ppm,846,501,881,535,speed_limit_70_(prohibitory)
00606.ppm,853,501,887,535,restriction_ends_(overtaking_(trucks))_(other)
00607.ppm,888,472,950,526,road_narrows_(danger)
00608.ppm,948,370,1001,420,priority_road_(other)
00609.ppm,809,507,841,539,speed_limit_70_(prohibitory)
00609.ppm,310,512,343,546,speed_limit_70_(prohibitory)
00610.ppm,912,525,939,553,priority_road_(other)
00610.ppm,917,553,938,574,speed_limit_70_(prohibitory)
00611.ppm,839,488,872,521,speed_limit_70_(prohibitory)
00611.ppm,840,520,873,552,no_overtaking_(trucks)_(prohibitory)
00612.ppm,127,521,218,612,keep_right_(mandatory)
00612.ppm,170,374,246,451,no_entry_(other)
00613.ppm,1132,561,1169,598,speed_limit_80_(prohibitory)
00613.ppm,478,546,513,581,speed_limit_80_(prohibitory)
00615.ppm,881,530,926,572,danger_(danger)
00615.ppm,890,572,918,600,speed_limit_120_(prohibitory)
00615.ppm,375,531,421,574,danger_(danger)
00615.ppm,386,571,413,600,speed_limit_120_(prohibitory)
00616.ppm,437,558,463,584,restriction_ends_(other)
00616.ppm,876,541,904,569,restriction_ends_(other)
00619.ppm,841,415,880,450,give_way_(other)
00620.ppm,863,425,892,454,no_overtaking_(prohibitory)
00621.ppm,782,443,808,469,speed_limit_70_(prohibitory)
00622.ppm,814,424,860,465,uneven_road_(danger)
00623.ppm,974,374,1034,434,speed_limit_70_(prohibitory)
00624.ppm,387,505,434,554,keep_right_(mandatory)
00624.ppm,821,464,845,488,speed_limit_50_(prohibitory)
00625.ppm,1037,377,1102,443,speed_limit_50_(prohibitory)
00626.ppm,857,404,895,442,speed_limit_50_(prohibitory)
00626.ppm,857,444,893,480,no_overtaking_(prohibitory)
00628.ppm,998,276,1085,363,restriction_ends_(other)
00630.ppm,1219,315,1285,385,speed_limit_70_(prohibitory)
00631.ppm,799,478,834,512,speed_limit_70_(prohibitory)
00631.ppm,794,434,839,479,priority_road_(other)
00632.ppm,101,379,147,424,speed_limit_30_(prohibitory)
00633.ppm,290,501,360,582,keep_right_(mandatory)
00634.ppm,525,371,570,416,speed_limit_50_(prohibitory)
00635.ppm,826,423,864,461,no_overtaking_(prohibitory)
00637.ppm,868,401,916,445,priority_at_next_intersection_(danger)
00638.ppm,914,374,953,414,speed_limit_30_(prohibitory)
00639.ppm,289,504,337,553,keep_right_(mandatory)
00640.ppm,1105,353,1176,424,speed_limit_70_(prohibitory)
00640.ppm,1089,257,1187,355,priority_road_(other)
00641.ppm,26,425,68,467,no_entry_(other)
00642.ppm,860,327,934,401,priority_road_(other)
00642.ppm,434,496,457,518,keep_right_(mandatory)
00644.ppm,76,514,130,571,keep_right_(mandatory)
00645.ppm,1034,311,1090,367,speed_limit_30_(prohibitory)
00646.ppm,1059,440,1090,469,give_way_(other)
00646.ppm,560,434,590,460,give_way_(other)
00647.ppm,611,515,633,537,keep_right_(mandatory)
00648.ppm,346,378,414,439,construction_(danger)
00649.ppm,819,304,866,350,priority_road_(other)
00650.ppm,1123,281,1193,350,priority_road_(other)
00650.ppm,487,515,508,537,keep_right_(mandatory)
00651.ppm,788,339,861,405,construction_(danger)
00651.ppm,800,404,851,456,speed_limit_30_(prohibitory)
00653.ppm,786,418,808,441,go_straight_(mandatory)
00653.ppm,780,380,811,411,priority_road_(other)
00654.ppm,1241,301,1297,360,priority_road_(other)
00655.ppm,935,322,984,370,priority_road_(other)
00655.ppm,544,520,564,540,keep_right_(mandatory)
00656.ppm,574,465,599,490,no_traffic_both_ways_(prohibitory)
00657.ppm,991,400,1026,435,no_trucks_(prohibitory)
00658.ppm,858,340,937,410,slippery_road_(danger)
00659.ppm,993,430,1033,470,speed_limit_50_(prohibitory)
00660.ppm,943,422,979,458,no_overtaking_(prohibitory)
00661.ppm,1138,401,1169,430,speed_limit_50_(prohibitory)
00662.ppm,948,440,993,481,uneven_road_(danger)
00663.ppm,830,307,896,367,give_way_(other)
00664.ppm,842,393,886,438,priority_road_(other)
00664.ppm,849,437,880,468,speed_limit_70_(prohibitory)
00665.ppm,693,413,742,455,slippery_road_(danger)
00665.ppm,557,471,579,493,speed_limit_70_(prohibitory)
00667.ppm,737,444,764,471,speed_limit_70_(prohibitory)
00668.ppm,1083,254,1172,340,speed_limit_50_(prohibitory)
00668.ppm,1070,139,1187,254,priority_road_(other)
00669.ppm,899,393,949,444,speed_limit_70_(prohibitory)
00670.ppm,997,306,1064,373,speed_limit_70_(prohibitory)
00671.ppm,839,348,892,394,traffic_signal_(danger)
00671.ppm,846,393,883,430,speed_limit_50_(prohibitory)
00672.ppm,892,325,950,376,give_way_(other)
00672.ppm,123,265,194,328,give_way_(other)
00673.ppm,414,406,474,459,priority_at_next_intersection_(danger)
00674.ppm,717,371,751,405,speed_limit_30_(prohibitory)
00675.ppm,641,503,676,538,keep_right_(mandatory)
00675.ppm,1008,388,1043,422,give_way_(other)
00675.ppm,1012,421,1037,447,roundabout_(mandatory)
00678.ppm,698,403,742,445,give_way_(other)
00679.ppm,720,409,759,450,go_right_(mandatory)
00679.ppm,705,343,768,406,stop_(other)
00680.ppm,900,394,953,448,speed_limit_30_(prohibitory)
00680.ppm,367,439,395,467,go_straight_(mandatory)
00681.ppm,820,434,846,460,speed_limit_30_(prohibitory)
00682.ppm,278,426,319,467,go_straight_(mandatory)
00682.ppm,885,421,930,466,go_straight_(mandatory)
00682.ppm,261,486,290,515,keep_right_(mandatory)
00683.ppm,387,455,409,477,no_overtaking_(trucks)_(prohibitory)
00683.ppm,889,450,913,475,no_overtaking_(trucks)_(prohibitory)
00685.ppm,615,508,659,552,keep_right_(mandatory)
00686.ppm,377,437,412,474,speed_limit_80_(prohibitory)
00688.ppm,850,410,886,446,stop_(other)
00688.ppm,401,428,434,461,stop_(other)
00689.ppm,590,488,621,516,construction_(danger)
00689.ppm,890,485,922,514,construction_(danger)
00690.ppm,775,506,799,529,speed_limit_70_(prohibitory)
00691.ppm,885,492,907,514,speed_limit_70_(prohibitory)
00691.ppm,469,490,490,512,speed_limit_70_(prohibitory)
00692.ppm,1050,357,1091,397,no_traffic_both_ways_(prohibitory)
00693.ppm,984,383,1024,423,speed_limit_60_(prohibitory)
00694.ppm,808,411,841,443,priority_road_(other)
00695.ppm,793,386,824,417,priority_road_(other)
00696.ppm,717,446,737,466,no_overtaking_(prohibitory)
00697.ppm,944,322,1020,389,construction_(danger)
00698.ppm,737,413,765,442,speed_limit_30_(prohibitory)
00699.ppm,727,413,756,443,speed_limit_30_(prohibitory)
00700.ppm,848,348,913,406,give_way_(other)
00701.ppm,1042,396,1088,442,speed_limit_50_(prohibitory)
00701.ppm,1032,333,1096,396,priority_road_(other)
00702.ppm,688,446,707,468,priority_road_(other)
00703.ppm,994,311,1051,363,school_crossing_(danger)
00703.ppm,1001,360,1042,401,speed_limit_30_(prohibitory)
00704.ppm,766,411,793,438,speed_limit_50_(prohibitory)
00705.ppm,955,343,991,378,speed_limit_30_(prohibitory)
00706.ppm,866,371,899,402,speed_limit_30_(prohibitory)
00707.ppm,907,383,943,419,speed_limit_70_(prohibitory)
00710.ppm,1084,201,1164,283,speed_limit_50_(prohibitory)
00712.ppm,932,361,984,413,no_overtaking_(prohibitory)
00714.ppm,784,313,828,357,speed_limit_30_(prohibitory)
00715.ppm,285,346,351,412,keep_right_(mandatory)
00716.ppm,820,335,869,386,speed_limit_70_(prohibitory)
00716.ppm,814,266,882,335,priority_road_(other)
00717.ppm,835,435,859,459,speed_limit_70_(prohibitory)
00719.ppm,933,390,969,427,speed_limit_50_(prohibitory)
00720.ppm,737,429,756,448,speed_limit_50_(prohibitory)
00721.ppm,901,354,935,385,give_way_(other)
00722.ppm,104,364,164,418,slippery_road_(danger)
00722.ppm,992,330,1049,381,slippery_road_(danger)
00723.ppm,746,360,800,408,slippery_road_(danger)
00723.ppm,180,366,236,414,slippery_road_(danger)
00723.ppm,696,424,717,446,speed_limit_70_(prohibitory)
00725.ppm,552,599,573,621,keep_left_(mandatory)
00728.ppm,498,563,532,596,construction_(danger)
00729.ppm,536,489,570,523,speed_limit_60_(prohibitory)
00730.ppm,466,443,512,490,speed_limit_60_(prohibitory)
00730.ppm,1053,517,1083,547,speed_limit_60_(prohibitory)
00732.ppm,966,528,992,554,priority_road_(other)
00733.ppm,442,583,490,632,keep_right_(mandatory)
00733.ppm,508,426,543,462,speed_limit_70_(prohibitory)
00733.ppm,937,523,965,551,speed_limit_70_(prohibitory)
00734.ppm,1090,450,1166,528,speed_limit_60_(prohibitory)
00736.ppm,828,550,856,577,construction_(danger)
00737.ppm,603,444,638,476,give_way_(other)
00737.ppm,470,449,507,483,give_way_(other)
00738.ppm,555,605,584,634,keep_right_(mandatory)
00740.ppm,1163,510,1213,560,speed_limit_80_(prohibitory)
00740.ppm,489,513,534,558,speed_limit_80_(prohibitory)
00740.ppm,1071,554,1094,577,give_way_(other)
00741.ppm,438,558,465,585,no_overtaking_(trucks)_(prohibitory)
00741.ppm,972,555,1000,583,no_overtaking_(trucks)_(prohibitory)
00742.ppm,334,562,368,596,speed_limit_100_(prohibitory)
00742.ppm,960,554,995,587,speed_limit_100_(prohibitory)
00744.ppm,1155,536,1183,564,give_way_(other)
00746.ppm,1135,492,1181,537,speed_limit_120_(prohibitory)
00746.ppm,235,469,281,515,speed_limit_120_(prohibitory)
00746.ppm,236,515,280,561,no_overtaking_(trucks)_(prohibitory)
00746.ppm,1138,537,1182,579,no_overtaking_(trucks)_(prohibitory)
00747.ppm,298,489,345,538,restriction_ends_80_(other)
00747.ppm,1148,506,1196,553,restriction_ends_80_(other)
00749.ppm,301,551,346,596,speed_limit_80_(prohibitory)
00749.ppm,1153,546,1200,593,speed_limit_80_(prohibitory)
00751.ppm,725,568,755,596,give_way_(other)
00752.ppm,934,448,979,494,speed_limit_30_(prohibitory)
00754.ppm,728,593,767,632,keep_right_(mandatory)
00755.ppm,1084,294,1208,418,priority_road_(other)
00755.ppm,852,518,883,549,speed_limit_30_(prohibitory)
00755.ppm,563,595,593,625,keep_right_(mandatory)
00756.ppm,881,524,931,574,priority_road_(other)
00758.ppm,982,521,1014,553,speed_limit_120_(prohibitory)
00758.ppm,374,515,406,547,speed_limit_120_(prohibitory)
00758.ppm,376,548,407,579,no_overtaking_(trucks)_(prohibitory)
00758.ppm,982,553,1015,586,no_overtaking_(trucks)_(prohibitory)
00760.ppm,591,538,616,563,speed_limit_120_(prohibitory)
00760.ppm,591,563,616,587,no_overtaking_(trucks)_(prohibitory)
00760.ppm,1023,542,1049,569,speed_limit_120_(prohibitory)
00760.ppm,1024,568,1048,592,no_overtaking_(trucks)_(prohibitory)
00761.ppm,35,541,95,597,keep_right_(mandatory)
00762.ppm,334,378,401,438,give_way_(other)
00762.ppm,1154,405,1218,465,give_way_(other)
00763.ppm,865,514,904,547,priority_at_next_intersection_(danger)
00764.ppm,814,511,851,547,priority_at_next_intersection_(danger)
00766.ppm,256,495,289,533,no_traffic_both_ways_(prohibitory)
00770.ppm,1059,503,1095,539,restriction_ends_(overtaking)_(other)
00770.ppm,468,535,497,564,no_entry_(other)
00770.ppm,526,578,555,607,keep_right_(mandatory)
00771.ppm,836,437,870,468,danger_(danger)
00771.ppm,867,478,917,523,give_way_(other)
00771.ppm,153,536,204,583,give_way_(other)
00772.ppm,842,553,864,573,danger_(danger)
00773.ppm,879,514,903,538,speed_limit_30_(prohibitory)
00773.ppm,1048,430,1094,476,priority_road_(other)
00774.ppm,929,516,961,548,speed_limit_30_(prohibitory)
00775.ppm,884,483,930,529,speed_limit_30_(prohibitory)
00776.ppm,861,505,893,537,speed_limit_30_(prohibitory)
00776.ppm,1076,315,1188,427,priority_road_(other)
00776.ppm,646,604,667,625,keep_right_(mandatory)
00777.ppm,834,526,858,550,speed_limit_30_(prohibitory)
00777.ppm,916,404,981,469,priority_road_(other)
00778.ppm,989,554,1033,599,keep_left_(mandatory)
00779.ppm,505,487,553,532,road_narrows_(danger)
00780.ppm,365,468,466,558,construction_(danger)
00780.ppm,1165,572,1227,636,speed_limit_60_(prohibitory)
00780.ppm,1142,487,1237,575,construction_(danger)
00780.ppm,380,557,444,621,speed_limit_60_(prohibitory)
00782.ppm,1007,455,1052,497,give_way_(other)
00782.ppm,225,454,279,502,give_way_(other)
00783.ppm,276,568,319,614,keep_right_(mandatory)
00784.ppm,31,576,152,701,keep_right_(mandatory)
00785.ppm,510,435,542,467,go_left_(mandatory)
00785.ppm,1003,469,1035,501,go_left_(mandatory)
00785.ppm,504,397,548,435,give_way_(other)
00785.ppm,996,428,1040,470,give_way_(other)
00787.ppm,1003,422,1090,497,priority_at_next_intersection_(danger)
00787.ppm,377,595,393,613,danger_(danger)
00788.ppm,959,501,1042,586,danger_(danger)
00789.ppm,759,516,787,545,stop_(other)
00791.ppm,906,469,961,519,snow_(danger)
00791.ppm,985,412,1062,489,speed_limit_70_(prohibitory)
00794.ppm,1032,518,1062,551,priority_road_(other)
00795.ppm,168,612,216,663,keep_right_(mandatory)
00797.ppm,832,456,866,489,go_left_or_straight_(mandatory)
00797.ppm,396,494,423,522,go_left_(mandatory)
00797.ppm,391,466,428,500,give_way_(other)
00797.ppm,822,417,868,457,give_way_(other)
00798.ppm,786,545,806,565,speed_limit_50_(prohibitory)
00798.ppm,1090,445,1162,509,give_way_(other)
00801.ppm,503,446,535,480,keep_right_(mandatory)
00802.ppm,596,181,698,269,school_crossing_(danger)
00802.ppm,610,267,683,336,speed_limit_30_(prohibitory)
00803.ppm,771,232,835,295,speed_limit_30_(prohibitory)
00803.ppm,772,322,837,387,no_overtaking_(prohibitory)
00805.ppm,870,369,914,412,school_crossing_(danger)
00806.ppm,807,407,832,432,speed_limit_30_(prohibitory)
00807.ppm,823,370,867,408,priority_at_next_intersection_(danger)
00808.ppm,272,463,315,507,keep_right_(mandatory)
00808.ppm,795,264,866,326,school_crossing_(danger)
00809.ppm,689,359,720,392,stop_(other)
00810.ppm,622,319,692,385,priority_at_next_intersection_(danger)
00810.ppm,460,385,492,415,danger_(danger)
00811.ppm,702,356,737,389,priority_at_next_intersection_(danger)
00813.ppm,928,250,1010,333,go_right_(mandatory)
00813.ppm,913,147,1022,250,give_way_(other)
00816.ppm,954,363,1006,410,danger_(danger)
00817.ppm,707,407,751,447,priority_at_next_intersection_(danger)
00818.ppm,718,430,745,455,construction_(danger)
00820.ppm,1057,254,1169,356,priority_at_next_intersection_(danger)
00821.ppm,859,444,882,466,speed_limit_80_(prohibitory)
00821.ppm,333,442,356,466,speed_limit_80_(prohibitory)
00822.ppm,785,407,818,436,priority_at_next_intersection_(danger)
00823.ppm,1062,379,1094,408,give_way_(other)
00823.ppm,1068,408,1090,430,roundabout_(mandatory)
00823.ppm,805,479,834,508,keep_right_(mandatory)
00824.ppm,232,416,267,451,no_traffic_both_ways_(prohibitory)
00825.ppm,1083,378,1108,404,speed_limit_30_(prohibitory)
00827.ppm,921,442,960,485,stop_(other)
00827.ppm,539,473,570,510,keep_right_(mandatory)
00828.ppm,860,384,932,450,danger_(danger)
00829.ppm,553,399,576,422,speed_limit_30_(prohibitory)
00829.ppm,1004,253,1114,373,priority_road_(other)
00831.ppm,975,371,1014,410,speed_limit_30_(prohibitory)
00833.ppm,776,332,822,378,speed_limit_30_(prohibitory)
00834.ppm,1130,264,1187,325,speed_limit_30_(prohibitory)
00835.ppm,765,415,793,440,priority_at_next_intersection_(danger)
00836.ppm,57,363,92,395,give_way_(other)
00837.ppm,1201,368,1262,422,danger_(danger)
00838.ppm,1068,382,1097,411,speed_limit_50_(prohibitory)
00838.ppm,443,419,470,446,speed_limit_50_(prohibitory)
00839.ppm,1234,297,1279,342,speed_limit_50_(prohibitory)
00839.ppm,1234,343,1280,388,no_overtaking_(prohibitory)
00839.ppm,303,365,346,409,speed_limit_50_(prohibitory)
00839.ppm,305,409,348,454,no_overtaking_(prohibitory)
00841.ppm,593,482,623,512,keep_right_(mandatory)
00842.ppm,1025,227,1086,288,stop_(other)
00844.ppm,977,332,1013,370,priority_road_(other)
00845.ppm,958,414,991,444,uneven_road_(danger)
00846.ppm,374,383,409,418,speed_limit_50_(prohibitory)
00846.ppm,1091,348,1128,385,speed_limit_50_(prohibitory)
00848.ppm,982,241,1054,313,speed_limit_30_(prohibitory)
00849.ppm,398,359,441,412,stop_(other)
00849.ppm,400,412,435,447,go_right_(mandatory)
00850.ppm,973,373,1005,405,speed_limit_30_(prohibitory)
00851.ppm,1092,312,1147,367,speed_limit_30_(prohibitory)
00852.ppm,1091,278,1143,328,cycles_crossing_(danger)
00853.ppm,943,415,971,444,roundabout_(mandatory)
00853.ppm,683,484,705,506,keep_right_(mandatory)
00853.ppm,935,383,972,417,give_way_(other)
00854.ppm,1182,254,1255,327,speed_limit_50_(prohibitory)
00855.ppm,1151,290,1259,387,slippery_road_(danger)
00855.ppm,917,410,950,443,priority_road_(other)
00857.ppm,852,433,875,456,stop_(other)
00857.ppm,1129,262,1224,349,give_way_(other)
00858.ppm,811,434,839,460,danger_(danger)
00859.ppm,892,386,931,423,school_crossing_(danger)
00860.ppm,1077,144,1168,231,speed_limit_50_(prohibitory)
00862.ppm,285,425,362,501,speed_limit_100_(prohibitory)
00863.ppm,420,413,455,448,restriction_ends_(overtaking_(trucks))_(other)
00863.ppm,1222,378,1257,414,restriction_ends_(overtaking_(trucks))_(other)
00864.ppm,910,443,931,462,uneven_road_(danger)
00865.ppm,342,186,429,273,stop_(other)
00865.ppm,573,490,597,514,keep_right_(mandatory)
00866.ppm,1004,398,1032,426,no_overtaking_(trucks)_(prohibitory)
00867.ppm,119,424,180,482,traffic_signal_(danger)
00867.ppm,1101,389,1171,452,traffic_signal_(danger)
00868.ppm,590,470,610,488,traffic_signal_(danger)
00868.ppm,876,450,896,469,traffic_signal_(danger)
00869.ppm,60,405,129,475,traffic_signal_(danger)
00869.ppm,1233,317,1310,391,traffic_signal_(danger)
00870.ppm,569,456,590,477,speed_limit_80_(prohibitory)
00870.ppm,1030,441,1050,461,speed_limit_80_(prohibitory)
00871.ppm,375,407,411,443,speed_limit_80_(prohibitory)
00871.ppm,1273,381,1313,421,speed_limit_80_(prohibitory)
00872.ppm,937,406,970,439,no_overtaking_(trucks)_(prohibitory)
00872.ppm,318,416,351,449,no_overtaking_(trucks)_(prohibitory)
00874.ppm,1233,387,1298,450,animals_(danger)
00876.ppm,466,469,491,494,speed_limit_60_(prohibitory)
00876.ppm,776,477,796,497,speed_limit_60_(prohibitory)
00879.ppm,301,535,341,575,restriction_ends_(other)
00879.ppm,988,506,1029,547,restriction_ends_(other)
00881.ppm,1131,561,1168,598,speed_limit_80_(prohibitory)
00881.ppm,478,546,513,581,speed_limit_80_(prohibitory)
00882.ppm,244,546,317,617,speed_limit_80_(prohibitory)
00884.ppm,855,477,890,512,speed_limit_70_(prohibitory)
00884.ppm,854,512,889,545,no_overtaking_(trucks)_(prohibitory)
00885.ppm,202,532,281,611,keep_right_(mandatory)
00885.ppm,230,403,296,469,no_entry_(other)
00886.ppm,815,517,838,540,speed_limit_70_(prohibitory)
00886.ppm,815,540,840,565,no_overtaking_(trucks)_(prohibitory)
00887.ppm,852,523,879,550,go_right_or_straight_(mandatory)
00888.ppm,989,315,1043,370,go_straight_(mandatory)
00888.ppm,779,546,802,569,priority_road_(other)
00889.ppm,689,530,713,554,speed_limit_70_(prohibitory)
00889.ppm,687,500,717,530,priority_road_(other)
00891.ppm,747,551,767,571,speed_limit_70_(prohibitory)
00891.ppm,473,556,493,576,speed_limit_70_(prohibitory)
00893.ppm,821,482,849,510,priority_road_(other)
00894.ppm,389,527,417,555,speed_limit_70_(prohibitory)
00894.ppm,1093,529,1132,568,speed_limit_70_(prohibitory)
00894.ppm,1085,478,1134,527,priority_road_(other)
00895.ppm,193,482,238,527,speed_limit_70_(prohibitory)
00895.ppm,966,418,1014,466,speed_limit_70_(prohibitory)
00896.ppm,808,412,846,450,no_traffic_both_ways_(prohibitory)
00897.ppm,804,526,828,550,restriction_ends_(overtaking_(trucks))_(other)
00898.ppm,323,504,355,536,speed_limit_70_(prohibitory)
00898.ppm,817,510,849,542,speed_limit_70_(prohibitory)
00899.ppm,864,484,921,534,road_narrows_(danger)
